Image Name,Tree ID,Tree Type,Status,Age(Estimated),Gender,Region
KT3001_1.jpg,KT3001,Sukkari,Healthy,25,Female,Abyar 'Ali
KT3001_10.jpg,KT3001,Sukkari,Healthy,25,Female,Abyar 'Ali
KT3001_11.jpg,KT3001,Sukkari,Healthy,25,Female,Abyar 'Ali
KT3001_12.jpg,KT3001,Sukkari,Healthy,25,Female,Abyar 'Ali
KT3001_13.jpg,KT3001,Sukkari,Healthy,25,Female,Abyar 'Ali
KT3001_14.jpg,KT3001,Sukkari,Healthy,25,Female,Abyar 'Ali
KT3001_15.jpg,KT3001,Sukkari,Healthy,25,Female,Abyar 'Ali
KT3001_16.jpg,KT3001,Sukkari,Healthy,25,Female,Abyar 'Ali
KT3001_2.jpg,KT3001,Sukkari,Healthy,25,Female,Abyar 'Ali
KT3001_3.jpg,KT3001,Sukkari,Healthy,25,Female,Abyar 'Ali
KT3001_4.jpg,KT3001,Sukkari,Healthy,25,Female,Abyar 'Ali
KT3001_5.jpg,KT3001,Sukkari,Healthy,25,Female,Abyar 'Ali
KT3001_6.jpg,KT3001,Sukkari,Healthy,25,Female,Abyar 'Ali
KT3001_7.jpg,KT3001,Sukkari,Healthy,25,Female,Abyar 'Ali
KT3001_8.jpg,KT3001,Sukkari,Healthy,25,Female,Abyar 'Ali
KT3001_9.jpg,KT3001,Sukkari,Healthy,25,Female,Abyar 'Ali
QT3001_1.jpg,QT3001,Saqi,Healthy,25,Female,Abyar 'Ali
QT3001_10.jpg,QT3001,Saqi,Healthy,25,Female,Abyar 'Ali
QT3001_11.jpg,QT3001,Saqi,Healthy,25,Female,Abyar 'Ali
QT3001_12.jpg,QT3001,Saqi,Healthy,25,Female,Abyar 'Ali
QT3001_13.jpg,QT3001,Saqi,Healthy,25,Female,Abyar 'Ali
QT3001_14.jpg,QT3001,Saqi,Healthy,25,Female,Abyar 'Ali
QT3001_15.jpg,QT3001,Saqi,Healthy,25,Female,Abyar 'Ali
QT3001_16.jpg,QT3001,Saqi,Healthy,25,Female,Abyar 'Ali
QT3001_2.jpg,QT3001,Saqi,Healthy,25,Female,Abyar 'Ali
QT3001_3.jpg,QT3001,Saqi,Healthy,25,Female,Abyar 'Ali
QT3001_4.jpg,QT3001,Saqi,Healthy,25,Female,Abyar 'Ali
QT3001_5.jpg,QT3001,Saqi,Healthy,25,Female,Abyar 'Ali
QT3001_6.jpg,QT3001,Saqi,Healthy,25,Female,Abyar 'Ali
QT3001_7.jpg,QT3001,Saqi,Healthy,25,Female,Abyar 'Ali
QT3001_8.jpg,QT3001,Saqi,Healthy,25,Female,Abyar 'Ali
QT3001_9.jpg,QT3001,Saqi,Healthy,25,Female,Abyar 'Ali
HT3001_1.jpg,HT3001,Helwa,Healthy,25,Female,Abyar 'Ali
HT3001_10.jpg,HT3001,Helwa,Healthy,25,Female,Abyar 'Ali
HT3001_11.jpg,HT3001,Helwa,Healthy,25,Female,Abyar 'Ali
HT3001_12.jpg,HT3001,Helwa,Healthy,25,Female,Abyar 'Ali
HT3001_13.jpg,HT3001,Helwa,Healthy,25,Female,Abyar 'Ali
HT3001_14.jpg,HT3001,Helwa,Healthy,25,Female,Abyar 'Ali
HT3001_15.jpg,HT3001,Helwa,Healthy,25,Female,Abyar 'Ali
HT3001_16.jpg,HT3001,Helwa,Healthy,25,Female,Abyar 'Ali
HT3001_2.jpg,HT3001,Helwa,Healthy,25,Female,Abyar 'Ali
HT3001_3.jpg,HT3001,Helwa,Healthy,25,Female,Abyar 'Ali
HT3001_4.jpg,HT3001,Helwa,Healthy,25,Female,Abyar 'Ali
HT3001_5.jpg,HT3001,Helwa,Healthy,25,Female,Abyar 'Ali
HT3001_6.jpg,HT3001,Helwa,Healthy,25,Female,Abyar 'Ali
HT3001_7.jpg,HT3001,Helwa,Healthy,25,Female,Abyar 'Ali
HT3001_8.jpg,HT3001,Helwa,Healthy,25,Female,Abyar 'Ali
HT3001_9.jpg,HT3001,Helwa,Healthy,25,Female,Abyar 'Ali
HT3002_1.jpg,HT3002,Helwa,Healthy,25,Female,Abyar 'Ali
HT3002_2.jpg,HT3002,Helwa,Healthy,25,Female,Abyar 'Ali
HT3002_3.jpg,HT3002,Helwa,Healthy,25,Female,Abyar 'Ali
HT3002_4.jpg,HT3002,Helwa,Healthy,25,Female,Abyar 'Ali
HT3002_5.jpg,HT3002,Helwa,Healthy,25,Female,Abyar 'Ali
HT3002_6.jpg,HT3002,Helwa,Healthy,25,Female,Abyar 'Ali
HT3002_7.jpg,HT3002,Helwa,Healthy,25,Female,Abyar 'Ali
HT3003_1.jpg,HT3003,Helwa,Healthy,25,Female,Abyar 'Ali
HT3003_10.jpg,HT3003,Helwa,Healthy,25,Female,Abyar 'Ali
HT3003_11.jpg,HT3003,Helwa,Healthy,25,Female,Abyar 'Ali
HT3003_12.jpg,HT3003,Helwa,Healthy,25,Female,Abyar 'Ali
HT3003_2.jpg,HT3003,Helwa,Healthy,25,Female,Abyar 'Ali
HT3003_3.jpg,HT3003,Helwa,Healthy,25,Female,Abyar 'Ali
HT3003_4.jpg,HT3003,Helwa,Healthy,25,Female,Abyar 'Ali
HT3003_5.jpg,HT3003,Helwa,Healthy,25,Female,Abyar 'Ali
HT3003_6.jpg,HT3003,Helwa,Healthy,25,Female,Abyar 'Ali
HT3003_7.jpg,HT3003,Helwa,Healthy,25,Female,Abyar 'Ali
HT3003_8.jpg,HT3003,Helwa,Healthy,25,Female,Abyar 'Ali
HT3003_9.jpg,HT3003,Helwa,Healthy,25,Female,Abyar 'Ali
HT3004_1.jpg,HT3004,Helwa,Healthy,25,Female,Abyar 'Ali
HT3004_10.jpg,HT3004,Helwa,Healthy,25,Female,Abyar 'Ali
HT3004_11.jpg,HT3004,Helwa,Healthy,25,Female,Abyar 'Ali
HT3004_12.jpg,HT3004,Helwa,Healthy,25,Female,Abyar 'Ali
HT3004_13.jpg,HT3004,Helwa,Healthy,25,Female,Abyar 'Ali
HT3004_14.jpg,HT3004,Helwa,Healthy,25,Female,Abyar 'Ali
HT3004_15.jpg,HT3004,Helwa,Healthy,25,Female,Abyar 'Ali
HT3004_16.jpg,HT3004,Helwa,Healthy,25,Female,Abyar 'Ali
HT3004_2.jpg,HT3004,Helwa,Healthy,25,Female,Abyar 'Ali
HT3004_3.jpg,HT3004,Helwa,Healthy,25,Female,Abyar 'Ali
HT3004_4.jpg,HT3004,Helwa,Healthy,25,Female,Abyar 'Ali
HT3004_5.jpg,HT3004,Helwa,Healthy,25,Female,Abyar 'Ali
HT3004_6.jpg,HT3004,Helwa,Healthy,25,Female,Abyar 'Ali
HT3004_7.jpg,HT3004,Helwa,Healthy,25,Female,Abyar 'Ali
HT3004_8.jpg,HT3004,Helwa,Healthy,25,Female,Abyar 'Ali
HT3004_9.jpg,HT3004,Helwa,Healthy,25,Female,Abyar 'Ali
WT3001_1.jpg,WT3001,Safawi,Healthy,25,Female,Abyar 'Ali
WT3001_10.jpg,WT3001,Safawi,Healthy,25,Female,Abyar 'Ali
WT3001_11.jpg,WT3001,Safawi,Healthy,25,Female,Abyar 'Ali
WT3001_12.jpg,WT3001,Safawi,Healthy,25,Female,Abyar 'Ali
WT3001_13.jpg,WT3001,Safawi,Healthy,25,Female,Abyar 'Ali
WT3001_14.jpg,WT3001,Safawi,Healthy,25,Female,Abyar 'Ali
WT3001_15.jpg,WT3001,Safawi,Healthy,25,Female,Abyar 'Ali
WT3001_16.jpg,WT3001,Safawi,Healthy,25,Female,Abyar 'Ali
WT3001_2.jpg,WT3001,Safawi,Healthy,25,Female,Abyar 'Ali
WT3001_3.jpg,WT3001,Safawi,Healthy,25,Female,Abyar 'Ali
WT3001_4.jpg,WT3001,Safawi,Healthy,25,Female,Abyar 'Ali
WT3001_5.jpg,WT3001,Safawi,Healthy,25,Female,Abyar 'Ali
WT3001_6.jpg,WT3001,Safawi,Healthy,25,Female,Abyar 'Ali
WT3001_7.jpg,WT3001,Safawi,Healthy,25,Female,Abyar 'Ali
WT3001_8.jpg,WT3001,Safawi,Healthy,25,Female,Abyar 'Ali
WT3001_9.jpg,WT3001,Safawi,Healthy,25,Female,Abyar 'Ali
WT3002_1.jpg,WT3002,Safawi,Healthy,25,Female,Abyar 'Ali
WT3002_10.jpg,WT3002,Safawi,Healthy,25,Female,Abyar 'Ali
WT3002_11.jpg,WT3002,Safawi,Healthy,25,Female,Abyar 'Ali
WT3002_12.jpg,WT3002,Safawi,Healthy,25,Female,Abyar 'Ali
WT3002_13.jpg,WT3002,Safawi,Healthy,25,Female,Abyar 'Ali
WT3002_14.jpg,WT3002,Safawi,Healthy,25,Female,Abyar 'Ali
WT3002_15.jpg,WT3002,Safawi,Healthy,25,Female,Abyar 'Ali
WT3002_16.jpg,WT3002,Safawi,Healthy,25,Female,Abyar 'Ali
WT3002_2.jpg,WT3002,Safawi,Healthy,25,Female,Abyar 'Ali
WT3002_3.jpg,WT3002,Safawi,Healthy,25,Female,Abyar 'Ali
WT3002_4.jpg,WT3002,Safawi,Healthy,25,Female,Abyar 'Ali
WT3002_5.jpg,WT3002,Safawi,Healthy,25,Female,Abyar 'Ali
WT3002_6.jpg,WT3002,Safawi,Healthy,25,Female,Abyar 'Ali
WT3002_7.jpg,WT3002,Safawi,Healthy,25,Female,Abyar 'Ali
WT3002_8.jpg,WT3002,Safawi,Healthy,25,Female,Abyar 'Ali
WT3002_9.jpg,WT3002,Safawi,Healthy,25,Female,Abyar 'Ali
WT3003_1.jpg,WT3003,Safawi,Healthy,25,Female,Abyar 'Ali
WT3003_10.jpg,WT3003,Safawi,Healthy,25,Female,Abyar 'Ali
WT3003_11.jpg,WT3003,Safawi,Healthy,25,Female,Abyar 'Ali
WT3003_12.jpg,WT3003,Safawi,Healthy,25,Female,Abyar 'Ali
WT3003_13.jpg,WT3003,Safawi,Healthy,25,Female,Abyar 'Ali
WT3003_14.jpg,WT3003,Safawi,Healthy,25,Female,Abyar 'Ali
WT3003_15.jpg,WT3003,Safawi,Healthy,25,Female,Abyar 'Ali
WT3003_2.jpg,WT3003,Safawi,Healthy,25,Female,Abyar 'Ali
WT3003_3.jpg,WT3003,Safawi,Healthy,25,Female,Abyar 'Ali
WT3003_4.jpg,WT3003,Safawi,Healthy,25,Female,Abyar 'Ali
WT3003_5.jpg,WT3003,Safawi,Healthy,25,Female,Abyar 'Ali
WT3003_6.jpg,WT3003,Safawi,Healthy,25,Female,Abyar 'Ali
WT3003_7.jpg,WT3003,Safawi,Healthy,25,Female,Abyar 'Ali
WT3003_8.jpg,WT3003,Safawi,Healthy,25,Female,Abyar 'Ali
WT3003_9.jpg,WT3003,Safawi,Healthy,25,Female,Abyar 'Ali
WT3004_1.jpg,WT3004,Safawi,Healthy,25,Female,Abyar 'Ali
WT3004_10.jpg,WT3004,Safawi,Healthy,25,Female,Abyar 'Ali
WT3004_11.jpg,WT3004,Safawi,Healthy,25,Female,Abyar 'Ali
WT3004_12.jpg,WT3004,Safawi,Healthy,25,Female,Abyar 'Ali
WT3004_13.jpg,WT3004,Safawi,Healthy,25,Female,Abyar 'Ali
WT3004_14.jpg,WT3004,Safawi,Healthy,25,Female,Abyar 'Ali
WT3004_15.jpg,WT3004,Safawi,Healthy,25,Female,Abyar 'Ali
WT3004_16.jpg,WT3004,Safawi,Healthy,25,Female,Abyar 'Ali
WT3004_2.jpg,WT3004,Safawi,Healthy,25,Female,Abyar 'Ali
WT3004_3.jpg,WT3004,Safawi,Healthy,25,Female,Abyar 'Ali
WT3004_4.jpg,WT3004,Safawi,Healthy,25,Female,Abyar 'Ali
WT3004_5.jpg,WT3004,Safawi,Healthy,25,Female,Abyar 'Ali
WT3004_6.jpg,WT3004,Safawi,Healthy,25,Female,Abyar 'Ali
WT3004_7.jpg,WT3004,Safawi,Healthy,25,Female,Abyar 'Ali
WT3004_8.jpg,WT3004,Safawi,Healthy,25,Female,Abyar 'Ali
WT3004_9.jpg,WT3004,Safawi,Healthy,25,Female,Abyar 'Ali
AT3001_1.jpg,AT3001,Amber,Healthy,10,Female,Abyar 'Ali
AT3001_2.jpg,AT3001,Amber,Healthy,10,Female,Abyar 'Ali
AT3001_3.jpg,AT3001,Amber,Healthy,10,Female,Abyar 'Ali
AT3001_4.jpg,AT3001,Amber,Healthy,10,Female,Abyar 'Ali
AT3001_5.jpg,AT3001,Amber,Healthy,10,Female,Abyar 'Ali
AT3001_6.jpg,AT3001,Amber,Healthy,10,Female,Abyar 'Ali
JT3001_1.jpg,JT3001,Ajwa,Healthy,25,Male,Abyar 'Ali
JT3001_10.jpg,JT3001,Ajwa,Healthy,25,Male,Abyar 'Ali
JT3001_11.jpg,JT3001,Ajwa,Healthy,25,Male,Abyar 'Ali
JT3001_12.jpg,JT3001,Ajwa,Healthy,25,Male,Abyar 'Ali
JT3001_13.jpg,JT3001,Ajwa,Healthy,25,Male,Abyar 'Ali
JT3001_14.jpg,JT3001,Ajwa,Healthy,25,Male,Abyar 'Ali
JT3001_15.jpg,JT3001,Ajwa,Healthy,25,Male,Abyar 'Ali
JT3001_16.jpg,JT3001,Ajwa,Healthy,25,Male,Abyar 'Ali
JT3001_2.jpg,JT3001,Ajwa,Healthy,25,Male,Abyar 'Ali
JT3001_3.jpg,JT3001,Ajwa,Healthy,25,Male,Abyar 'Ali
JT3001_4.jpg,JT3001,Ajwa,Healthy,25,Male,Abyar 'Ali
JT3001_5.jpg,JT3001,Ajwa,Healthy,25,Male,Abyar 'Ali
JT3001_6.jpg,JT3001,Ajwa,Healthy,25,Male,Abyar 'Ali
JT3001_7.jpg,JT3001,Ajwa,Healthy,25,Male,Abyar 'Ali
JT3001_8.jpg,JT3001,Ajwa,Healthy,25,Male,Abyar 'Ali
JT3001_9.jpg,JT3001,Ajwa,Healthy,25,Male,Abyar 'Ali
